metric,baseline_mean,enhanced_mean,pct_improvement,dm_stat,p_value,n
CRPS,0.2645039560891659,0.2658799508825744,-0.5202170938209487,-0.22844876618793586,0.8201446462491346,56
