model_1,model_2,n,dm_statistic,p_value,cw_statistic,cw_p_value,better_model
lasso_baseline,lasso_enhanced,56,0.38100477752428474,0.7046674874648948,0.8933535514752804,0.18583393422221173,lasso_enhanced
elastic_net_baseline,elastic_net_enhanced,56,-0.07512561150659708,0.9403873603289674,0.4466835408312453,0.32755178370299154,elastic_net_baseline
random_forest_baseline,random_forest_enhanced,56,1.1781353984201188,0.2438150530091714,1.3387418068213246,0.09032737058197249,random_forest_enhanced
pca_baseline,pca_enhanced,56,-1.5158845914375847,0.13527525582320177,-0.2925242763593505,0.6150570993291509,pca_baseline
pls_baseline,pls_enhanced,56,-2.4795730764787436,0.016246482833929043,-1.3462992364370279,0.9108969840023223,pls_baseline
comb_baseline,comb_enhanced,56,-0.32706985836824737,0.7448566185164891,0.28402076804245585,0.38819723257446725,comb_baseline
random_forest_baseline,lstm_enhanced,57,-2.464615475690062,0.01680993184911017,1.6227267416105817,0.05232391609773557,random_forest_baseline
random_forest_baseline,xgboost_enhanced,56,-0.7760289646866961,0.44105626586197744,0.5007988188220488,0.30825635850303545,random_forest_baseline
