model,rmse,mae,r2
lstm_enhanced,0.7955770680476302,0.6011068000040082,-0.9197161279409445
